Workbook

Sheet READ_ME
A1: SYNTHETIC SAMPLE DATA — vendor accountability leaderboard
A3: This workbook mirrors the STRUCTURE of a live data-centre commissioning tracker,
A4: but every value here is INVENTED. No real vendors, people, sites or figures appear.
A5: Safe to hand to Claude Code for building and experimentation.
A7: Sheets:
A8: Observations - obs records, one row each, with a responsible Company
A9: Punch_List - punch items, one row each, with a responsible Company
A10: Actions - actions/decisions, one row each, with a responsible Company
A11: QAQC_Items - QA/QC + Cx items, one row each, with a responsible Company
A12: Vendor_Scorecard - the TARGET leaderboard, aggregated from the four sheets above
A13: Lookups - valid values (statuses, priority, RAG, systems, vendor list)
A15: The leaderboard answers: 'who is holding the programme back?' — ranked by Total Overdue.
A16: Vendor_Scorecard is built with live COUNTIF/COUNTIFS formulas so you can see the logic.

Sheet Observations
A1: Obs ID | B1: Company | C1: System | D1: Title / Description | E1: Status | F1: Priority | G1: Date Raised | H1: Due Date | I1: Days Overdue
A2: OBS-001 | B2: Apex M&E | C2: Mechanical | D2: Mechanical item OBS-001 — sample text | E2: In Progress | F2: Critical | G2: 2026-03-01 | H2: 2026-06-30 | I2: 0
A3: OBS-002 | B3: Northwind Power | C3: Electrical | D3: Electrical item OBS-002 — sample text | E3: In Progress | F3: High | G3: 2026-03-01 | H3: 2026-06-30 | I3: 0
A4: OBS-003 | B4: Northwind Power | C4: Hydraulic | D4: Electrical item OBS-003 — sample text | E4: Open | F4: Low | G4: 2026-03-01 | H4: 2026-06-30 | I4: 0
A5: OBS-004 | B5: Northwind Power | C5: Civil | D5: Electrical item OBS-004 — sample text | E5: In Progress | F5: High | G5: 2026-03-01 | H5: 2026-06-30 | I5: 0
A6: OBS-005 | B6: Northwind Power | C6: Fire | D6: Electrical item OBS-005 — sample text | E6: Void | F6: High | G6: 2026-03-01 | H6: 2026-06-30 | I6: 0
A7: OBS-006 | B7: Northwind Power | C7: Security | D7: Electrical item OBS-006 — sample text | E7: In Progress | F7: Critical | G7: 2026-03-01 | H7: 2026-06-30 | I7: 0
A8: OBS-007 | B8: Northwind Power | C8: Civil | D8: Electrical item OBS-007 — sample text | E8: In Progress | F8: Critical | G8: 2026-03-01 | H8: 2026-06-30 | I8: 0
A9: OBS-008 | B9: Northwind Power | C9: Security | D9: Electrical item OBS-008 — sample text | E9: Closed | F9: Critical | G9: 2026-03-01 | H9: 2026-06-30 | I9: 0
A10: OBS-009 | B10: Northwind Power | C10: BMS | D10: Electrical item OBS-009 — sample text | E10: Void | F10: High | G10: 2026-03-01 | H10: 2026-06-30 | I10: 0
A11: OBS-010 | B11: Vanguard Controls | C11: Electrical | D11: BMS item OBS-010 — sample text | E11: Open | F11: High | G11: 2026-03-01 | H11: 2026-06-30 | I11: 0
A12: OBS-011 | B12: Meridian Cooling | C12: Mechanical | D12: Mechanical item OBS-011 — sample text | E12: In Progress | F12: Medium | G12: 2026-03-01 | H12: 2026-06-30 | I12: 0
A13: OBS-012 | B13: Orbit Switchgear | C13: BMS | D13: Electrical item OBS-012 — sample text | E13: In Progress | F13: High | G13: 2026-03-01 | H13: 2026-06-30 | I13: 0
... A47: OBS-046 | B47: Summit Security | C47: Fire | D47: Security item OBS-046 — sample text | E47: In Progress | F47: Low | G47: 2026-03-01 | H47: 2026-06-30 | I47: 17

Sheet Punch_List
A1: Punch ID | B1: Company | C1: System | D1: Title / Description | E1: Status | F1: Priority | G1: Date Raised | H1: Due Date | I1: Days Overdue
A2: PL-001 | B2: Apex M&E | C2: Mechanical | D2: Mechanical item PL-001 — sample text | E2: Void | F2: High | G2: 2026-03-01 | H2: 2026-06-30 | I2: 0
A3: PL-002 | B3: Apex M&E | C3: Hydraulic | D3: Mechanical item PL-002 — sample text | E3: Open | F3: Medium | G3: 2026-03-01 | H3: 2026-06-30 | I3: 0
A4: PL-003 | B4: Apex M&E | C4: Electrical | D4: Mechanical item PL-003 — sample text | E4: Ready for Inspection | F4: Critical | G4: 2026-03-01 | H4: 2026-06-30 | I4: 0
A5: PL-004 | B5: Apex M&E | C5: BMS | D5: Mechanical item PL-004 — sample text | E5: Closed | F5: Critical | G5: 2026-03-01 | H5: 2026-06-30 | I5: 0
A6: PL-005 | B6: Apex M&E | C6: Security | D6: Mechanical item PL-005 — sample text | E6: Closed | F6: Critical | G6: 2026-03-01 | H6: 2026-06-30 | I6: 0
A7: PL-006 | B7: Apex M&E | C7: BMS | D7: Mechanical item PL-006 — sample text | E7: Closed | F7: Critical | G7: 2026-03-01 | H7: 2026-06-30 | I7: 0
A8: PL-007 | B8: Apex M&E | C8: Hydraulic | D8: Mechanical item PL-007 — sample text | E8: Void | F8: Medium | G8: 2026-03-01 | H8: 2026-06-30 | I8: 0
A9: PL-008 | B9: Apex M&E | C9: Hydraulic | D9: Mechanical item PL-008 — sample text | E9: Closed | F9: Medium | G9: 2026-03-01 | H9: 2026-06-30 | I9: 0
A10: PL-009 | B10: Northwind Power | C10: Security | D10: Electrical item PL-009 — sample text | E10: Open | F10: Medium | G10: 2026-03-01 | H10: 2026-06-30 | I10: 0
A11: PL-010 | B11: Northwind Power | C11: Electrical | D11: Electrical item PL-010 — sample text | E11: Closed | F11: Low | G11: 2026-03-01 | H11: 2026-06-30 | I11: 0
A12: PL-011 | B12: Northwind Power | C12: Electrical | D12: Electrical item PL-011 — sample text | E12: Closed | F12: High | G12: 2026-03-01 | H12: 2026-06-30 | I12: 0
A13: PL-012 | B13: Vanguard Controls | C13: Mechanical | D13: BMS item PL-012 — sample text | E13: In Progress | F13: Medium | G13: 2026-03-01 | H13: 2026-06-30 | I13: 0
... A43: PL-042 | B43: Summit Security | C43: BMS | D43: Security item PL-042 — sample text | E43: Closed | F43: Medium | G43: 2026-03-01 | H43: 2026-06-30 | I43: 0

Sheet Actions
A1: Action ID | B1: Company | C1: Type | D1: Description | E1: Status | F1: Priority | G1: Date Raised | H1: Due Date | I1: Days Overdue
A2: ACT-001 | B2: Apex M&E | C2: Action | D2: Action item ACT-001 — sample text | E2: Open | F2: Low | G2: 2026-03-01 | H2: 2026-06-30 | I2: 0
A3: ACT-002 | B3: Apex M&E | C3: Decision | D3: Decision item ACT-002 — sample text | E3: Cancelled | F3: Low | G3: 2026-03-01 | H3: 2026-06-30 | I3: 0
A4: ACT-003 | B4: Apex M&E | C4: Risk | D4: Risk item ACT-003 — sample text | E4: Open | F4: High | G4: 2026-03-01 | H4: 2026-06-30 | I4: 33
A5: ACT-004 | B5: Apex M&E | C5: Risk | D5: Risk item ACT-004 — sample text | E5: Cancelled | F5: Medium | G5: 2026-03-01 | H5: 2026-06-30 | I5: 0
A6: ACT-005 | B6: Apex M&E | C6: Action | D6: Action item ACT-005 — sample text | E6: Open | F6: High | G6: 2026-03-01 | H6: 2026-06-30 | I6: 0
A7: ACT-006 | B7: Apex M&E | C7: Risk | D7: Risk item ACT-006 — sample text | E7: Open | F7: Critical | G7: 2026-03-01 | H7: 2026-06-30 | I7: 16
A8: ACT-007 | B8: Northwind Power | C8: Decision | D8: Decision item ACT-007 — sample text | E8: Open | F8: Low | G8: 2026-03-01 | H8: 2026-06-30 | I8: 46
A9: ACT-008 | B9: Northwind Power | C9: Decision | D9: Decision item ACT-008 — sample text | E9: Open | F9: High | G9: 2026-03-01 | H9: 2026-06-30 | I9: 0
A10: ACT-009 | B10: Northwind Power | C10: Action | D10: Action item ACT-009 — sample text | E10: In Progress | F10: Low | G10: 2026-03-01 | H10: 2026-06-30 | I10: 0
A11: ACT-010 | B11: Northwind Power | C11: Decision | D11: Decision item ACT-010 — sample text | E11: In Progress | F11: Low | G11: 2026-03-01 | H11: 2026-06-30 | I11: 0
A12: ACT-011 | B12: Northwind Power | C12: Action | D12: Action item ACT-011 — sample text | E12: Cancelled | F12: Low | G12: 2026-03-01 | H12: 2026-06-30 | I12: 0
A13: ACT-012 | B13: Northwind Power | C13: Risk | D13: Risk item ACT-012 — sample text | E13: Open | F13: Low | G13: 2026-03-01 | H13: 2026-06-30 | I13: 0
... A39: ACT-038 | B39: Summit Security | C39: Decision | D39: Decision item ACT-038 — sample text | E39: Complete | F39: Low | G39: 2026-03-01 | H39: 2026-06-30 | I39: 0

Sheet QAQC_Items
A1: Item ID | B1: Company | C1: System | D1: Stage | E1: Status | F1: Date Raised | G1: Due Date | H1: Days Overdue
A2: QC-001 | B2: Apex M&E | C2: Fire | D2: FATs | E2: Closed | F2: 2026-03-01 | G2: 2026-06-30 | H2: 0
A3: QC-002 | B3: Apex M&E | C3: Mechanical | D3: Tech Sub | E3: In Progress | F3: 2026-03-01 | G3: 2026-06-30 | H3: 12
A4: QC-003 | B4: Apex M&E | C4: Fire | D4: CxA Sign Off | E4: Closed | F4: 2026-03-01 | G4: 2026-06-30 | H4: 0
A5: QC-004 | B5: Northwind Power | C5: Hydraulic | D5: Pre-Energisation | E5: Open | F5: 2026-03-01 | G5: 2026-06-30 | H5: 0
A6: QC-005 | B6: Northwind Power | C6: Hydraulic | D6: CxA Sign Off | E6: Open | F6: 2026-03-01 | G6: 2026-06-30 | H6: 45
A7: QC-006 | B7: Northwind Power | C7: Mechanical | D7: Closeout | E7: Open | F7: 2026-03-01 | G7: 2026-06-30 | H7: 0
A8: QC-007 | B8: Northwind Power | C8: Hydraulic | D8: Pre-Energisation | E8: Closed | F8: 2026-03-01 | G8: 2026-06-30 | H8: 0
A9: QC-008 | B9: Northwind Power | C9: Fire | D9: Pre-Energisation | E9: In Progress | F9: 2026-03-01 | G9: 2026-06-30 | H9: 0
A10: QC-009 | B10: Northwind Power | C10: Hydraulic | D10: CxA Sign Off | E10: In Progress | F10: 2026-03-01 | G10: 2026-06-30 | H10: 0
A11: QC-010 | B11: Northwind Power | C11: Hydraulic | D11: Closeout | E11: Open | F11: 2026-03-01 | G11: 2026-06-30 | H11: 0
A12: QC-011 | B12: Northwind Power | C12: Fire | D12: Closeout | E12: In Progress | F12: 2026-03-01 | G12: 2026-06-30 | H12: 0
A13: QC-012 | B13: Vanguard Controls | C13: Fire | D13: CxA Sign Off | E13: Open | F13: 2026-03-01 | G13: 2026-06-30 | H13: 0
... A53: QC-052 | B53: Summit Security | C53: Civil | D53: Tech Sub | E53: Closed | F53: 2026-03-01 | G53: 2026-06-30 | H53: 0

Sheet Vendor_Scorecard
A1: Company | B1: Open Obs | C1: Open Punch | D1: Open Actions | E1: Overdue Obs | F1: Overdue Punch | G1: Overdue Actions | H1: Overdue QAQC/Cx | I1: Total Open | J1: Total Overdue | K1: RAG | L1: Notes
A2: Apex M&E | B2: =COUNTIF(Observations!$B:$B,$A2)-COUNTIFS(Observations!$B:$B,$A2,Observations!$E:$E,"Closed")-COUNTIFS(Observations!$B:$B,$A2,Observations!$E:$E,"Void") -> 1 | C2: =COUNTIF(Punch_List!$B:$B,$A2)-COUNTIFS(Punch_List!$B:$B,$A2,Punch_List!$E:$E,"Closed")-COUNTIFS(Punch_List!$B:$B,$A2,Punch_List!$E:$E,"Void") -> 2 | D2: =COUNTIF(Actions!$B:$B,$A2)-COUNTIFS(Actions!$B:$B,$A2,Actions!$E:$E,"Complete")-COUNTIFS(Actions!$B:$B,$A2,Actions!$E:$E,"Cancelled") -> 4 | E2: =COUNTIFS(Observations!$B:$B,$A2,Observations!$I:$I,">0") -> 0 | F2: =COUNTIFS(Punch_List!$B:$B,$A2,Punch_List!$I:$I,">0") -> 0 | G2: =COUNTIFS(Actions!$B:$B,$A2,Actions!$I:$I,">0") -> 2 | H2: =COUNTIFS(QAQC_Items!$B:$B,$A2,QAQC_Items!$H:$H,">0") -> 1 | I2: =SUM(B2:D2) -> 7 | J2: =SUM(E2:H2) -> 3 | K2: =IF(J2>=4,"RED",IF(J2>=1,"AMBER","GREEN")) -> AMBER
A3: Northwind Power | B3: =COUNTIF(Observations!$B:$B,$A3)-COUNTIFS(Observations!$B:$B,$A3,Observations!$E:$E,"Closed")-COUNTIFS(Observations!$B:$B,$A3,Observations!$E:$E,"Void") -> 5 | C3: =COUNTIF(Punch_List!$B:$B,$A3)-COUNTIFS(Punch_List!$B:$B,$A3,Punch_List!$E:$E,"Closed")-COUNTIFS(Punch_List!$B:$B,$A3,Punch_List!$E:$E,"Void") -> 1 | D3: =COUNTIF(Actions!$B:$B,$A3)-COUNTIFS(Actions!$B:$B,$A3,Actions!$E:$E,"Complete")-COUNTIFS(Actions!$B:$B,$A3,Actions!$E:$E,"Cancelled") -> 5 | E3: =COUNTIFS(Observations!$B:$B,$A3,Observations!$I:$I,">0") -> 0 | F3: =COUNTIFS(Punch_List!$B:$B,$A3,Punch_List!$I:$I,">0") -> 0 | G3: =COUNTIFS(Actions!$B:$B,$A3,Actions!$I:$I,">0") -> 1 | H3: =COUNTIFS(QAQC_Items!$B:$B,$A3,QAQC_Items!$H:$H,">0") -> 1 | I3: =SUM(B3:D3) -> 11 | J3: =SUM(E3:H3) -> 2 | K3: =IF(J3>=4,"RED",IF(J3>=1,"AMBER","GREEN")) -> AMBER
A4: Vanguard Controls | B4: =COUNTIF(Observations!$B:$B,$A4)-COUNTIFS(Observations!$B:$B,$A4,Observations!$E:$E,"Closed")-COUNTIFS(Observations!$B:$B,$A4,Observations!$E:$E,"Void") -> 1 | C4: =COUNTIF(Punch_List!$B:$B,$A4)-COUNTIFS(Punch_List!$B:$B,$A4,Punch_List!$E:$E,"Closed")-COUNTIFS(Punch_List!$B:$B,$A4,Punch_List!$E:$E,"Void") -> 3 | D4: =COUNTIF(Actions!$B:$B,$A4)-COUNTIFS(Actions!$B:$B,$A4,Actions!$E:$E,"Complete")-COUNTIFS(Actions!$B:$B,$A4,Actions!$E:$E,"Cancelled") -> 4 | E4: =COUNTIFS(Observations!$B:$B,$A4,Observations!$I:$I,">0") -> 0 | F4: =COUNTIFS(Punch_List!$B:$B,$A4,Punch_List!$I:$I,">0") -> 0 | G4: =COUNTIFS(Actions!$B:$B,$A4,Actions!$I:$I,">0") -> 1 | H4: =COUNTIFS(QAQC_Items!$B:$B,$A4,QAQC_Items!$H:$H,">0") -> 1 | I4: =SUM(B4:D4) -> 8 | J4: =SUM(E4:H4) -> 2 | K4: =IF(J4>=4,"RED",IF(J4>=1,"AMBER","GREEN")) -> AMBER
A5: Meridian Cooling | B5: =COUNTIF(Observations!$B:$B,$A5)-COUNTIFS(Observations!$B:$B,$A5,Observations!$E:$E,"Closed")-COUNTIFS(Observations!$B:$B,$A5,Observations!$E:$E,"Void") -> 1 | C5: =COUNTIF(Punch_List!$B:$B,$A5)-COUNTIFS(Punch_List!$B:$B,$A5,Punch_List!$E:$E,"Closed")-COUNTIFS(Punch_List!$B:$B,$A5,Punch_List!$E:$E,"Void") -> 0 | D5: =COUNTIF(Actions!$B:$B,$A5)-COUNTIFS(Actions!$B:$B,$A5,Actions!$E:$E,"Complete")-COUNTIFS(Actions!$B:$B,$A5,Actions!$E:$E,"Cancelled") -> 4 | E5: =COUNTIFS(Observations!$B:$B,$A5,Observations!$I:$I,">0") -> 0 | F5: =COUNTIFS(Punch_List!$B:$B,$A5,Punch_List!$I:$I,">0") -> 0 | G5: =COUNTIFS(Actions!$B:$B,$A5,Actions!$I:$I,">0") -> 3 | H5: =COUNTIFS(QAQC_Items!$B:$B,$A5,QAQC_Items!$H:$H,">0") -> 1 | I5: =SUM(B5:D5) -> 5 | J5: =SUM(E5:H5) -> 4 | K5: =IF(J5>=4,"RED",IF(J5>=1,"AMBER","GREEN")) -> RED
A6: Orbit Switchgear | B6: =COUNTIF(Observations!$B:$B,$A6)-COUNTIFS(Observations!$B:$B,$A6,Observations!$E:$E,"Closed")-COUNTIFS(Observations!$B:$B,$A6,Observations!$E:$E,"Void") -> 2 | C6: =COUNTIF(Punch_List!$B:$B,$A6)-COUNTIFS(Punch_List!$B:$B,$A6,Punch_List!$E:$E,"Closed")-COUNTIFS(Punch_List!$B:$B,$A6,Punch_List!$E:$E,"Void") -> 1 | D6: =COUNTIF(Actions!$B:$B,$A6)-COUNTIFS(Actions!$B:$B,$A6,Actions!$E:$E,"Complete")-COUNTIFS(Actions!$B:$B,$A6,Actions!$E:$E,"Cancelled") -> 2 | E6: =COUNTIFS(Observations!$B:$B,$A6,Observations!$I:$I,">0") -> 1 | F6: =COUNTIFS(Punch_List!$B:$B,$A6,Punch_List!$I:$I,">0") -> 0 | G6: =COUNTIFS(Actions!$B:$B,$A6,Actions!$I:$I,">0") -> 0 | H6: =COUNTIFS(QAQC_Items!$B:$B,$A6,QAQC_Items!$H:$H,">0") -> 2 | I6: =SUM(B6:D6) -> 5 | J6: =SUM(E6:H6) -> 3 | K6: =IF(J6>=4,"RED",IF(J6>=1,"AMBER","GREEN")) -> AMBER
A7: Falcon Fire | B7: =COUNTIF(Observations!$B:$B,$A7)-COUNTIFS(Observations!$B:$B,$A7,Observations!$E:$E,"Closed")-COUNTIFS(Observations!$B:$B,$A7,Observations!$E:$E,"Void") -> 1 | C7: =COUNTIF(Punch_List!$B:$B,$A7)-COUNTIFS(Punch_List!$B:$B,$A7,Punch_List!$E:$E,"Closed")-COUNTIFS(Punch_List!$B:$B,$A7,Punch_List!$E:$E,"Void") -> 1 | D7: =COUNTIF(Actions!$B:$B,$A7)-COUNTIFS(Actions!$B:$B,$A7,Actions!$E:$E,"Complete")-COUNTIFS(Actions!$B:$B,$A7,Actions!$E:$E,"Cancelled") -> 1 | E7: =COUNTIFS(Observations!$B:$B,$A7,Observations!$I:$I,">0") -> 0 | F7: =COUNTIFS(Punch_List!$B:$B,$A7,Punch_List!$I:$I,">0") -> 0 | G7: =COUNTIFS(Actions!$B:$B,$A7,Actions!$I:$I,">0") -> 0 | H7: =COUNTIFS(QAQC_Items!$B:$B,$A7,QAQC_Items!$H:$H,">0") -> 0 | I7: =SUM(B7:D7) -> 3 | J7: =SUM(E7:H7) -> 0 | K7: =IF(J7>=4,"RED",IF(J7>=1,"AMBER","GREEN")) -> GREEN
A8: Helios Energy | B8: =COUNTIF(Observations!$B:$B,$A8)-COUNTIFS(Observations!$B:$B,$A8,Observations!$E:$E,"Closed")-COUNTIFS(Observations!$B:$B,$A8,Observations!$E:$E,"Void") -> 2 | C8: =COUNTIF(Punch_List!$B:$B,$A8)-COUNTIFS(Punch_List!$B:$B,$A8,Punch_List!$E:$E,"Closed")-COUNTIFS(Punch_List!$B:$B,$A8,Punch_List!$E:$E,"Void") -> 0 | D8: =COUNTIF(Actions!$B:$B,$A8)-COUNTIFS(Actions!$B:$B,$A8,Actions!$E:$E,"Complete")-COUNTIFS(Actions!$B:$B,$A8,Actions!$E:$E,"Cancelled") -> 0 | E8: =COUNTIFS(Observations!$B:$B,$A8,Observations!$I:$I,">0") -> 1 | F8: =COUNTIFS(Punch_List!$B:$B,$A8,Punch_List!$I:$I,">0") -> 0 | G8: =COUNTIFS(Actions!$B:$B,$A8,Actions!$I:$I,">0") -> 0 | H8: =COUNTIFS(QAQC_Items!$B:$B,$A8,QAQC_Items!$H:$H,">0") -> 0 | I8: =SUM(B8:D8) -> 2 | J8: =SUM(E8:H8) -> 1 | K8: =IF(J8>=4,"RED",IF(J8>=1,"AMBER","GREEN")) -> AMBER
A9: Granite Civils | B9: =COUNTIF(Observations!$B:$B,$A9)-COUNTIFS(Observations!$B:$B,$A9,Observations!$E:$E,"Closed")-COUNTIFS(Observations!$B:$B,$A9,Observations!$E:$E,"Void") -> 5 | C9: =COUNTIF(Punch_List!$B:$B,$A9)-COUNTIFS(Punch_List!$B:$B,$A9,Punch_List!$E:$E,"Closed")-COUNTIFS(Punch_List!$B:$B,$A9,Punch_List!$E:$E,"Void") -> 1 | D9: =COUNTIF(Actions!$B:$B,$A9)-COUNTIFS(Actions!$B:$B,$A9,Actions!$E:$E,"Complete")-COUNTIFS(Actions!$B:$B,$A9,Actions!$E:$E,"Cancelled") -> 0 | E9: =COUNTIFS(Observations!$B:$B,$A9,Observations!$I:$I,">0") -> 0 | F9: =COUNTIFS(Punch_List!$B:$B,$A9,Punch_List!$I:$I,">0") -> 1 | G9: =COUNTIFS(Actions!$B:$B,$A9,Actions!$I:$I,">0") -> 0 | H9: =COUNTIFS(QAQC_Items!$B:$B,$A9,QAQC_Items!$H:$H,">0") -> 2 | I9: =SUM(B9:D9) -> 6 | J9: =SUM(E9:H9) -> 3 | K9: =IF(J9>=4,"RED",IF(J9>=1,"AMBER","GREEN")) -> AMBER
A10: Beacon BMS | B10: =COUNTIF(Observations!$B:$B,$A10)-COUNTIFS(Observations!$B:$B,$A10,Observations!$E:$E,"Closed")-COUNTIFS(Observations!$B:$B,$A10,Observations!$E:$E,"Void") -> 5 | C10: =COUNTIF(Punch_List!$B:$B,$A10)-COUNTIFS(Punch_List!$B:$B,$A10,Punch_List!$E:$E,"Closed")-COUNTIFS(Punch_List!$B:$B,$A10,Punch_List!$E:$E,"Void") -> 6 | D10: =COUNTIF(Actions!$B:$B,$A10)-COUNTIFS(Actions!$B:$B,$A10,Actions!$E:$E,"Complete")-COUNTIFS(Actions!$B:$B,$A10,Actions!$E:$E,"Cancelled") -> 0 | E10: =COUNTIFS(Observations!$B:$B,$A10,Observations!$I:$I,">0") -> 2 | F10: =COUNTIFS(Punch_List!$B:$B,$A10,Punch_List!$I:$I,">0") -> 1 | G10: =COUNTIFS(Actions!$B:$B,$A10,Actions!$I:$I,">0") -> 0 | H10: =COUNTIFS(QAQC_Items!$B:$B,$A10,QAQC_Items!$H:$H,">0") -> 2 | I10: =SUM(B10:D10) -> 11 | J10: =SUM(E10:H10) -> 5 | K10: =IF(J10>=4,"RED",IF(J10>=1,"AMBER","GREEN")) -> RED
A11: Summit Security | B11: =COUNTIF(Observations!$B:$B,$A11)-COUNTIFS(Observations!$B:$B,$A11,Observations!$E:$E,"Closed")-COUNTIFS(Observations!$B:$B,$A11,Observations!$E:$E,"Void") -> 5 | C11: =COUNTIF(Punch_List!$B:$B,$A11)-COUNTIFS(Punch_List!$B:$B,$A11,Punch_List!$E:$E,"Closed")-COUNTIFS(Punch_List!$B:$B,$A11,Punch_List!$E:$E,"Void") -> 2 | D11: =COUNTIF(Actions!$B:$B,$A11)-COUNTIFS(Actions!$B:$B,$A11,Actions!$E:$E,"Complete")-COUNTIFS(Actions!$B:$B,$A11,Actions!$E:$E,"Cancelled") -> 3 | E11: =COUNTIFS(Observations!$B:$B,$A11,Observations!$I:$I,">0") -> 3 | F11: =COUNTIFS(Punch_List!$B:$B,$A11,Punch_List!$I:$I,">0") -> 0 | G11: =COUNTIFS(Actions!$B:$B,$A11,Actions!$I:$I,">0") -> 3 | H11: =COUNTIFS(QAQC_Items!$B:$B,$A11,QAQC_Items!$H:$H,">0") -> 0 | I11: =SUM(B11:D11) -> 10 | J11: =SUM(E11:H11) -> 6 | K11: =IF(J11>=4,"RED",IF(J11>=1,"AMBER","GREEN")) -> RED

Sheet Lookups
A1: Obs_Status | B1: Punch_Status | C1: Action_Status | D1: Priority | E1: RAG | F1: System | G1: Company
A2: Open | B2: Open | C2: Open | D2: Critical | E2: GREEN | F2: Electrical | G2: Apex M&E
A3: In Progress | B3: In Progress | C3: In Progress | D3: High | E3: AMBER | F3: Mechanical | G3: Northwind Power
A4: Closed | B4: Ready for Inspection | C4: Complete | D4: Medium | E4: RED | F4: Fire | G4: Vanguard Controls
A5: Void | B5: Closed | C5: Cancelled | D5: Low | F5: Security | G5: Meridian Cooling
B6: Void | F6: BMS | G6: Orbit Switchgear
F7: Hydraulic | G7: Falcon Fire
F8: Civil | G8: Helios Energy
G9: Granite Civils
G10: Beacon BMS
G11: Summit Security
A12: RAG thresholds (Total Overdue):
A13: GREEN = 0 | AMBER = 1-3 | RED = 4+ (tune to match your real thresholds)
